{"cameraMode":{"drawMode":0,"name":"Shaded","section":"Shading Mode"},"sceneLighting":true,"audioPlay":false,"sceneViewState":{"m_AlwaysRefresh":false,"showFog":true,"showSkybox":true,"showFlares":true,"showImageEffects":true,"showParticleSystems":true,"showVisualEffectGraphs":true,"m_FxEnabled":true},"in2DMode":false,"pivot":{"x":0.1193385124206543,"y":0.5993254780769348,"z":3.864439010620117},"rotation":{"x":0.0033295811153948309,"y":0.9955885410308838,"z":-0.08533085882663727,"w":0.0388474278151989},"size":1.858357548713684,"orthographic":true}