{"cameraMode":{"drawMode":0,"name":"Shaded","section":"Shading Mode"},"sceneLighting":true,"audioPlay":false,"sceneViewState":{"m_AlwaysRefresh":false,"showFog":true,"showSkybox":true,"showFlares":true,"showImageEffects":true,"showParticleSystems":true,"showVisualEffectGraphs":true,"m_FxEnabled":true},"in2DMode":false,"pivot":{"x":-0.6640564203262329,"y":0.6467876434326172,"z":0.7881085872650147},"rotation":{"x":-0.001095707411877811,"y":0.9957496523857117,"z":-0.09136645495891571,"w":-0.011949894018471241},"size":2.24975323677063,"orthographic":true}